{
    "variants": {
        "facing=north,on=false": {
            "model": "mcvm:computer"
        },
        "facing=east,on=false": {
            "model": "mcvm:computer",
            "y": 90
        },
        "facing=south,on=false": {
            "model": "mcvm:computer",
            "y": 180
        },
        "facing=west,on=false": {
            "model": "mcvm:computer",
            "y": 270
        },
        "facing=north,on=true": {
            "model": "mcvm:computer_on"
        },
        "facing=east,on=true": {
            "model": "mcvm:computer_on",
            "y": 90
        },
        "facing=south,on=true": {
            "model": "mcvm:computer_on",
            "y": 180
        },
        "facing=west,on=true": {
            "model": "mcvm:computer_on",
            "y": 270
        }
    }
}

